post_date,post_time,platforms,bucket,clip_file,cover_file,caption
2026-06-16,10:00,Instagram (auto),MUSIC,music-manager/Manager_Day09.mp4,,"I BUILT 4 MILLION STREAMS. VIRALITY WASN'T THE GOAL.

Music marketing for independent artists — how to turn streams into real fans, not just numbers.

💬 Follow @chachamansworld for daily music marketing tips.

If I Was Ur Music Manager — Day 9

#musicmarketing #musicpromotion #independentartist #musicmanager #artistdevelopment #unsignedartist #howtopromoteyourmusic #musicmarketingtips #musicianlife #musicbusiness"
2026-06-16,14:00,Instagram (auto),DJ,dj/DJ_01.mp4,,"Open-format DJ sets and house music mashups out of Dallas — new heat every week.

🔊 New mixes every week — follow @chachamansworld.

#djmix #housemusic #djmashup #dallasdj #openformatdj #djlife #remix #partymusic #djtransitions #edm"
2026-06-16,19:00,Instagram (auto),DJ,dj/DJ_02.mp4,,"Live DJ edits, mashups and house remixes. Follow for fresh party music and transitions.

🔊 New mixes every week — follow @chachamansworld.

#dj #housemusic #mashup #djedit #dallasevents #djlife #remix #clubmusic #housemashup #fyp"
2026-06-17,10:00,Instagram (auto),MUSIC,music-manager/Manager_Day10.mp4,,"5 CONTENT PILLARS EVERY ARTIST NEEDS WEEKLY.

Music promotion that actually works: the manager playbook for growing your fanbase as an unsigned artist.

💬 Follow @chachamansworld for daily music marketing tips.

If I Was Ur Music Manager — Day 10

#musicmarketing #indieartist #musicpromotiontips #musicmanager #growyourfanbase #diymusician #musicbiz #artistmarketing #musicgrowth #musicianlife"
2026-06-17,14:00,Instagram (auto),DJ,dj/DJ_03.mp4,,"House music, hip-hop and open-format mashups — DJ sets for the function.

🔊 New mixes every week — follow @chachamansworld.

#djmix #djmashup #housemusic #dallasdj #djtransition #edmremix #partydj #djset #musicproducer #fyp"
2026-06-17,19:00,Instagram (auto),DJ,dj/DJ_04.mp4,,"Dallas DJ dropping house mashups, edits and remixes you won't hear anywhere else.

🔊 New mixes every week — follow @chachamansworld.

#djmix #housemusic #djmashup #dallasdj #openformatdj #djlife #remix #partymusic #djtransitions #edm"
2026-06-18,10:00,Instagram (auto),MUSIC,music-manager/Manager_Day11.mp4,,"20 HOOKS PER SONG BEFORE WE POST ONCE.

How to promote your music in 2026 — artist development strategy from a real music manager.

💬 Follow @chachamansworld for daily music marketing tips.

If I Was Ur Music Manager — Day 11

#musicmarketing #independentartist #musicpromotion #musiccareer #artistdevelopment #musictips #musicianlife #unsignedartist #fanbase #musicmarketing2026"
2026-06-18,14:00,Instagram (auto),DJ,dj/DJ_05.mp4,,"Open-format DJ sets and house music mashups out of Dallas — new heat every week.

🔊 New mixes every week — follow @chachamansworld.

#dj #housemusic #mashup #djedit #dallasevents #djlife #remix #clubmusic #housemashup #fyp"
2026-06-18,19:00,Instagram (auto),DJ,dj/DJ_06.mp4,,"Live DJ edits, mashups and house remixes. Follow for fresh party music and transitions.

🔊 New mixes every week — follow @chachamansworld.

#djmix #djmashup #housemusic #dallasdj #djtransition #edmremix #partydj #djset #musicproducer #fyp"
2026-06-19,10:00,Instagram (auto),MUSIC,music-manager/Manager_Day12.mp4,,"YOUR AUDIENCE IS A LUCKY SPIKE, NOT AN ASSET.

Music business tips for DIY musicians who want to build an audience and get discovered.

💬 Follow @chachamansworld for daily music marketing tips.

If I Was Ur Music Manager — Day 12

#musicmarketing #musicpromotion #independentartist #musicmanager #artistdevelopment #unsignedartist #howtopromoteyourmusic #musicmarketingtips #musicianlife #musicbusiness"
2026-06-19,14:00,Instagram (auto),DJ,dj/DJ_07.mp4,,"House music, hip-hop and open-format mashups — DJ sets for the function.

🔊 New mixes every week — follow @chachamansworld.

#djmix #housemusic #djmashup #dallasdj #openformatdj #djlife #remix #partymusic #djtransitions #edm"
2026-06-19,19:00,Instagram (auto),DJ,dj/DJ_08.mp4,,"Dallas DJ dropping house mashups, edits and remixes you won't hear anywhere else.

🔊 New mixes every week — follow @chachamansworld.

#dj #housemusic #mashup #djedit #dallasevents #djlife #remix #clubmusic #housemashup #fyp"
2026-06-20,10:00,Instagram (auto),MUSIC,music-manager/Manager_Day13.mp4,,"30 POSTS FROM ONE FILMING SESSION.

The music marketing system to turn casual listeners into loyal superfans and grow your music career.

💬 Follow @chachamansworld for daily music marketing tips.

If I Was Ur Music Manager — Day 13

#musicmarketing #indieartist #musicpromotiontips #musicmanager #growyourfanbase #diymusician #musicbiz #artistmarketing #musicgrowth #musicianlife"
2026-06-20,14:00,Instagram (auto),DJ,dj/DJ_09.mp4,,"Open-format DJ sets and house music mashups out of Dallas — new heat every week.

🔊 New mixes every week — follow @chachamansworld.

#djmix #djmashup #housemusic #dallasdj #djtransition #edmremix #partydj #djset #musicproducer #fyp"
2026-06-20,19:00,Instagram (auto),DJ,dj/DJ_10.mp4,,"Live DJ edits, mashups and house remixes. Follow for fresh party music and transitions.

🔊 New mixes every week — follow @chachamansworld.

#djmix #housemusic #djmashup #dallasdj #openformatdj #djlife #remix #partymusic #djtransitions #edm"
2026-06-21,10:00,Instagram (auto),MUSIC,music-manager/Manager_Day14.mp4,,"STOP MAKING CONTENT. MAKE MEMORY CUES.

Independent artist marketing: how to get more streams, more fans, and more bookings.

💬 Follow @chachamansworld for daily music marketing tips.

If I Was Ur Music Manager — Day 14

#musicmarketing #independentartist #musicpromotion #musiccareer #artistdevelopment #musictips #musicianlife #unsignedartist #fanbase #musicmarketing2026"
2026-06-21,14:00,Instagram (auto),DJ,dj/DJ_11.mp4,,"House music, hip-hop and open-format mashups — DJ sets for the function.

🔊 New mixes every week — follow @chachamansworld.

#dj #housemusic #mashup #djedit #dallasevents #djlife #remix #clubmusic #housemashup #fyp"
2026-06-21,19:00,Instagram (auto),DJ,dj/DJ_12.mp4,,"Dallas DJ dropping house mashups, edits and remixes you won't hear anywhere else.

🔊 New mixes every week — follow @chachamansworld.

#djmix #djmashup #housemusic #dallasdj #djtransition #edmremix #partydj #djset #musicproducer #fyp"
2026-06-22,10:00,Instagram (auto),MUSIC,music-manager/Manager_Day15.mp4,,"THE SONG ISN'T THE STORY. THE STUDIO IS.

Music marketing for independent artists — how to turn streams into real fans, not just numbers.

💬 Follow @chachamansworld for daily music marketing tips.

If I Was Ur Music Manager — Day 15

#musicmarketing #musicpromotion #independentartist #musicmanager #artistdevelopment #unsignedartist #howtopromoteyourmusic #musicmarketingtips #musicianlife #musicbusiness"
2026-06-22,14:00,Instagram (auto),DJ,dj/DJ_13.mp4,,"Open-format DJ sets and house music mashups out of Dallas — new heat every week.

🔊 New mixes every week — follow @chachamansworld.

#djmix #housemusic #djmashup #dallasdj #openformatdj #djlife #remix #partymusic #djtransitions #edm"
2026-06-22,19:00,Instagram (auto),DJ,dj/DJ_15.mp4,,"Live DJ edits, mashups and house remixes. Follow for fresh party music and transitions.

🔊 New mixes every week — follow @chachamansworld.

#dj #housemusic #mashup #djedit #dallasevents #djlife #remix #clubmusic #housemashup #fyp"
2026-06-23,10:00,Instagram (auto),MUSIC,music-manager/Manager_Day16.mp4,,"5 VISUAL RULES MAKE AN ARTIST INSTANTLY RECOGNIZABLE.

Music promotion that actually works: the manager playbook for growing your fanbase as an unsigned artist.

💬 Follow @chachamansworld for daily music marketing tips.

If I Was Ur Music Manager — Day 16

#musicmarketing #indieartist #musicpromotiontips #musicmanager #growyourfanbase #diymusician #musicbiz #artistmarketing #musicgrowth #musicianlife"
2026-06-23,14:00,Instagram (auto),DJ,dj/DJ_16.mp4,,"House music, hip-hop and open-format mashups — DJ sets for the function.

🔊 New mixes every week — follow @chachamansworld.

#djmix #djmashup #housemusic #dallasdj #djtransition #edmremix #partydj #djset #musicproducer #fyp"
2026-06-23,19:00,Instagram (auto),DJ,dj/DJ_17.mp4,,"Dallas DJ dropping house mashups, edits and remixes you won't hear anywhere else.

🔊 New mixes every week — follow @chachamansworld.

#djmix #housemusic #djmashup #dallasdj #openformatdj #djlife #remix #partymusic #djtransitions #edm"
2026-06-24,10:00,Instagram (auto),MUSIC,music-manager/Manager_Day17.mp4,,"THE COMMENTS ARE YOUR NEXT ALBUM.

How to promote your music in 2026 — artist development strategy from a real music manager.

💬 Follow @chachamansworld for daily music marketing tips.

If I Was Ur Music Manager — Day 17

#musicmarketing #independentartist #musicpromotion #musiccareer #artistdevelopment #musictips #musicianlife #unsignedartist #fanbase #musicmarketing2026"
2026-06-24,14:00,Instagram (auto),DJ,dj/DJ_18.mp4,,"Open-format DJ sets and house music mashups out of Dallas — new heat every week.

🔊 New mixes every week — follow @chachamansworld.

#dj #housemusic #mashup #djedit #dallasevents #djlife #remix #clubmusic #housemashup #fyp"
2026-06-24,19:00,Instagram (auto),DJ,dj/DJ_19.mp4,,"Live DJ edits, mashups and house remixes. Follow for fresh party music and transitions.

🔊 New mixes every week — follow @chachamansworld.

#djmix #djmashup #housemusic #dallasdj #djtransition #edmremix #partydj #djset #musicproducer #fyp"
2026-06-25,10:00,Instagram (auto),MUSIC,music-manager/Manager_Day18.mp4,,"KEEP A ""PROOF FOLDER"" SO YOU NEVER SOUND DESPERATE.

Music business tips for DIY musicians who want to build an audience and get discovered.

💬 Follow @chachamansworld for daily music marketing tips.

If I Was Ur Music Manager — Day 18

#musicmarketing #musicpromotion #independentartist #musicmanager #artistdevelopment #unsignedartist #howtopromoteyourmusic #musicmarketingtips #musicianlife #musicbusiness"
2026-06-25,14:00,Instagram (auto),DJ,dj/DJ_20.mp4,,"House music, hip-hop and open-format mashups — DJ sets for the function.

🔊 New mixes every week — follow @chachamansworld.

#djmix #housemusic #djmashup #dallasdj #openformatdj #djlife #remix #partymusic #djtransitions #edm"
2026-06-25,19:00,Instagram (auto),DJ,dj/DJ_21.mp4,,"Dallas DJ dropping house mashups, edits and remixes you won't hear anywhere else.

🔊 New mixes every week — follow @chachamansworld.

#dj #housemusic #mashup #djedit #dallasevents #djlife #remix #clubmusic #housemashup #fyp"
2026-06-26,10:00,Instagram (auto),MUSIC,music-manager/Manager_Day19.mp4,,"AFTER 7 DAYS, NEVER ASK ""AM I GOOD?"".

The music marketing system to turn casual listeners into loyal superfans and grow your music career.

💬 Follow @chachamansworld for daily music marketing tips.

If I Was Ur Music Manager — Day 19

#musicmarketing #indieartist #musicpromotiontips #musicmanager #growyourfanbase #diymusician #musicbiz #artistmarketing #musicgrowth #musicianlife"
2026-06-26,14:00,Instagram (auto),DJ,dj/DJ_22.mp4,,"Open-format DJ sets and house music mashups out of Dallas — new heat every week.

🔊 New mixes every week — follow @chachamansworld.

#djmix #djmashup #housemusic #dallasdj #djtransition #edmremix #partydj #djset #musicproducer #fyp"
2026-06-26,19:00,Instagram (auto),DJ,dj/DJ_23.mp4,,"Live DJ edits, mashups and house remixes. Follow for fresh party music and transitions.

🔊 New mixes every week — follow @chachamansworld.

#djmix #housemusic #djmashup #dallasdj #openformatdj #djlife #remix #partymusic #djtransitions #edm"
2026-06-27,10:00,Instagram (auto),MUSIC,music-manager/Manager_Day20.mp4,,"I ORDERED A CAMPAIGN. 4 DAYS LATER IT ARRIVED.

Independent artist marketing: how to get more streams, more fans, and more bookings.

💬 Follow @chachamansworld for daily music marketing tips.

If I Was Ur Music Manager — Day 20

#musicmarketing #independentartist #musicpromotion #musiccareer #artistdevelopment #musictips #musicianlife #unsignedartist #fanbase #musicmarketing2026"
2026-06-27,14:00,Instagram (auto),DJ,dj/DJ_24.mp4,,"House music, hip-hop and open-format mashups — DJ sets for the function.

🔊 New mixes every week — follow @chachamansworld.

#dj #housemusic #mashup #djedit #dallasevents #djlife #remix #clubmusic #housemashup #fyp"
2026-06-27,19:00,Instagram (auto),DJ,dj/DJ_26.mp4,,"Dallas DJ dropping house mashups, edits and remixes you won't hear anywhere else.

🔊 New mixes every week — follow @chachamansworld.

#djmix #djmashup #housemusic #dallasdj #djtransition #edmremix #partydj #djset #musicproducer #fyp"
2026-06-28,10:00,Instagram (auto),MUSIC,music-manager/Manager_Day21.mp4,,"EVERY POST SHOULD POINT AT ONE GOAL.

Music marketing for independent artists — how to turn streams into real fans, not just numbers.

💬 Follow @chachamansworld for daily music marketing tips.

If I Was Ur Music Manager — Day 21

#musicmarketing #musicpromotion #independentartist #musicmanager #artistdevelopment #unsignedartist #howtopromoteyourmusic #musicmarketingtips #musicianlife #musicbusiness"
2026-06-28,14:00,Instagram (auto),DJ,dj/DJ_27.mp4,,"Open-format DJ sets and house music mashups out of Dallas — new heat every week.

🔊 New mixes every week — follow @chachamansworld.

#djmix #housemusic #djmashup #dallasdj #openformatdj #djlife #remix #partymusic #djtransitions #edm"
2026-06-28,19:00,Instagram (auto),DJ,dj/DJ_28.mp4,,"Live DJ edits, mashups and house remixes. Follow for fresh party music and transitions.

🔊 New mixes every week — follow @chachamansworld.

#dj #housemusic #mashup #djedit #dallasevents #djlife #remix #clubmusic #housemashup #fyp"
2026-06-29,10:00,Instagram (auto),MUSIC,music-manager/Manager_Day22.mp4,,"STOP USING RANDOM CLIPS AS YOUR CANVAS.

Music promotion that actually works: the manager playbook for growing your fanbase as an unsigned artist.

💬 Follow @chachamansworld for daily music marketing tips.

If I Was Ur Music Manager — Day 22

#musicmarketing #indieartist #musicpromotiontips #musicmanager #growyourfanbase #diymusician #musicbiz #artistmarketing #musicgrowth #musicianlife"
2026-06-29,14:00,Instagram (auto),DJ,dj/DJ_29.mp4,,"House music, hip-hop and open-format mashups — DJ sets for the function.

🔊 New mixes every week — follow @chachamansworld.

#djmix #djmashup #housemusic #dallasdj #djtransition #edmremix #partydj #djset #musicproducer #fyp"
2026-06-29,19:00,Instagram (auto),DJ,dj/DJ_30.mp4,,"Dallas DJ dropping house mashups, edits and remixes you won't hear anywhere else.

🔊 New mixes every week — follow @chachamansworld.

#djmix #housemusic #djmashup #dallasdj #openformatdj #djlife #remix #partymusic #djtransitions #edm"
2026-06-30,10:00,Instagram (auto),MUSIC,music-manager/Manager_Day23.mp4,,"YOU'RE LOSING FANS THE SECOND THEY LEAVE THE APP.

How to promote your music in 2026 — artist development strategy from a real music manager.

💬 Follow @chachamansworld for daily music marketing tips.

If I Was Ur Music Manager — Day 23

#musicmarketing #independentartist #musicpromotion #musiccareer #artistdevelopment #musictips #musicianlife #unsignedartist #fanbase #musicmarketing2026"
2026-06-30,14:00,Instagram (auto),DJ,dj/DJ_31.mp4,,"Open-format DJ sets and house music mashups out of Dallas — new heat every week.

🔊 New mixes every week — follow @chachamansworld.

#dj #housemusic #mashup #djedit #dallasevents #djlife #remix #clubmusic #housemashup #fyp"
2026-06-30,19:00,Instagram (auto),DJ,dj/DJ_33.mp4,,"Live DJ edits, mashups and house remixes. Follow for fresh party music and transitions.

🔊 New mixes every week — follow @chachamansworld.

#djmix #djmashup #housemusic #dallasdj #djtransition #edmremix #partydj #djset #musicproducer #fyp"
2026-07-01,10:00,Instagram (auto),MUSIC,music-manager/Manager_Day24.mp4,,"YOUR PLAYLIST IS A SALES PITCH FOR YOUR MUSIC.

Music business tips for DIY musicians who want to build an audience and get discovered.

💬 Follow @chachamansworld for daily music marketing tips.

If I Was Ur Music Manager — Day 24

#musicmarketing #musicpromotion #independentartist #musicmanager #artistdevelopment #unsignedartist #howtopromoteyourmusic #musicmarketingtips #musicianlife #musicbusiness"
2026-07-01,14:00,Instagram (auto),DJ,dj/DJ_34.mp4,,"House music, hip-hop and open-format mashups — DJ sets for the function.

🔊 New mixes every week — follow @chachamansworld.

#djmix #housemusic #djmashup #dallasdj #openformatdj #djlife #remix #partymusic #djtransitions #edm"
2026-07-01,19:00,Instagram (auto),DJ,dj/DJ_35.mp4,,"Dallas DJ dropping house mashups, edits and remixes you won't hear anywhere else.

🔊 New mixes every week — follow @chachamansworld.

#dj #housemusic #mashup #djedit #dallasevents #djlife #remix #clubmusic #housemashup #fyp"
2026-07-02,10:00,Instagram (auto),MUSIC,music-manager/Manager_Day25.mp4,,"I PITCH UNRELEASED SONGS USING 11 THINGS.

The music marketing system to turn casual listeners into loyal superfans and grow your music career.

💬 Follow @chachamansworld for daily music marketing tips.

If I Was Ur Music Manager — Day 25

#musicmarketing #indieartist #musicpromotiontips #musicmanager #growyourfanbase #diymusician #musicbiz #artistmarketing #musicgrowth #musicianlife"
2026-07-02,14:00,Instagram (auto),DJ,dj/DJ_37.mp4,,"Open-format DJ sets and house music mashups out of Dallas — new heat every week.

🔊 New mixes every week — follow @chachamansworld.

#djmix #djmashup #housemusic #dallasdj #djtransition #edmremix #partydj #djset #musicproducer #fyp"
2026-07-02,19:00,Instagram (auto),DJ,dj/DJ_38.mp4,,"Live DJ edits, mashups and house remixes. Follow for fresh party music and transitions.

🔊 New mixes every week — follow @chachamansworld.

#djmix #housemusic #djmashup #dallasdj #openformatdj #djlife #remix #partymusic #djtransitions #edm"
2026-07-03,10:00,Instagram (auto),MUSIC,music-manager/Manager_Day26.mp4,,"NOT ALL STREAMS MEAN THE SAME THING.

Independent artist marketing: how to get more streams, more fans, and more bookings.

💬 Follow @chachamansworld for daily music marketing tips.

If I Was Ur Music Manager — Day 26

#musicmarketing #independentartist #musicpromotion #musiccareer #artistdevelopment #musictips #musicianlife #unsignedartist #fanbase #musicmarketing2026"
2026-07-03,14:00,Instagram (auto),DJ,dj/DJ_40.mp4,,"House music, hip-hop and open-format mashups — DJ sets for the function.

🔊 New mixes every week — follow @chachamansworld.

#dj #housemusic #mashup #djedit #dallasevents #djlife #remix #clubmusic #housemashup #fyp"
2026-07-03,19:00,Instagram (auto),DJ,dj/DJ_41.mp4,,"Dallas DJ dropping house mashups, edits and remixes you won't hear anywhere else.

🔊 New mixes every week — follow @chachamansworld.

#djmix #djmashup #housemusic #dallasdj #djtransition #edmremix #partydj #djset #musicproducer #fyp"
2026-07-04,10:00,Instagram (auto),MUSIC,music-manager/Manager_Day27.mp4,,"BEFORE DISCOVERY, ASK ONE QUESTION: DOES IT CONVERT?.

Music marketing for independent artists — how to turn streams into real fans, not just numbers.

💬 Follow @chachamansworld for daily music marketing tips.

If I Was Ur Music Manager — Day 27

#musicmarketing #musicpromotion #independentartist #musicmanager #artistdevelopment #unsignedartist #howtopromoteyourmusic #musicmarketingtips #musicianlife #musicbusiness"
2026-07-04,14:00,Instagram (auto),DJ,dj/DJ_42.mp4,,"Open-format DJ sets and house music mashups out of Dallas — new heat every week.

🔊 New mixes every week — follow @chachamansworld.

#djmix #housemusic #djmashup #dallasdj #openformatdj #djlife #remix #partymusic #djtransitions #edm"
2026-07-04,19:00,Instagram (auto),DJ,dj/DJ_43.mp4,,"Live DJ edits, mashups and house remixes. Follow for fresh party music and transitions.

🔊 New mixes every week — follow @chachamansworld.

#dj #housemusic #mashup #djedit #dallasevents #djlife #remix #clubmusic #housemashup #fyp"
2026-07-05,10:00,Instagram (auto),MUSIC,music-manager/Manager_Day28.mp4,,"YOUR RELEASE DAY PAGE IS ALREADY TOO LATE.

Music promotion that actually works: the manager playbook for growing your fanbase as an unsigned artist.

💬 Follow @chachamansworld for daily music marketing tips.

If I Was Ur Music Manager — Day 28

#musicmarketing #indieartist #musicpromotiontips #musicmanager #growyourfanbase #diymusician #musicbiz #artistmarketing #musicgrowth #musicianlife"
2026-07-05,14:00,Instagram (auto),DJ,dj/DJ_44.mp4,,"House music, hip-hop and open-format mashups — DJ sets for the function.

🔊 New mixes every week — follow @chachamansworld.

#djmix #djmashup #housemusic #dallasdj #djtransition #edmremix #partydj #djset #musicproducer #fyp"
2026-07-05,19:00,Instagram (auto),DJ,dj/DJ_47.mp4,,"Dallas DJ dropping house mashups, edits and remixes you won't hear anywhere else.

🔊 New mixes every week — follow @chachamansworld.

#djmix #housemusic #djmashup #dallasdj #openformatdj #djlife #remix #partymusic #djtransitions #edm"
2026-07-06,10:00,Instagram (auto),MUSIC,music-manager/Manager_Day29.mp4,,"DON'T SELL MERCH FOR THE SONG.

How to promote your music in 2026 — artist development strategy from a real music manager.

💬 Follow @chachamansworld for daily music marketing tips.

If I Was Ur Music Manager — Day 29

#musicmarketing #independentartist #musicpromotion #musiccareer #artistdevelopment #musictips #musicianlife #unsignedartist #fanbase #musicmarketing2026"
2026-07-06,14:00,Instagram (auto),DJ,dj/DJ_48.mp4,,"Open-format DJ sets and house music mashups out of Dallas — new heat every week.

🔊 New mixes every week — follow @chachamansworld.

#dj #housemusic #mashup #djedit #dallasevents #djlife #remix #clubmusic #housemashup #fyp"
2026-07-06,19:00,Instagram (auto),DJ,dj/DJ_49.mp4,,"Live DJ edits, mashups and house remixes. Follow for fresh party music and transitions.

🔊 New mixes every week — follow @chachamansworld.

#djmix #djmashup #housemusic #dallasdj #djtransition #edmremix #partydj #djset #musicproducer #fyp"
2026-07-07,10:00,Instagram (auto),MUSIC,music-manager/Manager_Day30.mp4,,"POST ATTENTION BEFORE YOU POST THE DATE.

Music business tips for DIY musicians who want to build an audience and get discovered.

💬 Follow @chachamansworld for daily music marketing tips.

If I Was Ur Music Manager — Day 30

#musicmarketing #musicpromotion #independentartist #musicmanager #artistdevelopment #unsignedartist #howtopromoteyourmusic #musicmarketingtips #musicianlife #musicbusiness"
2026-07-07,14:00,Instagram (auto),DJ,dj/DJ_50.mp4,,"House music, hip-hop and open-format mashups — DJ sets for the function.

🔊 New mixes every week — follow @chachamansworld.

#djmix #housemusic #djmashup #dallasdj #openformatdj #djlife #remix #partymusic #djtransitions #edm"
2026-07-07,19:00,Instagram (auto),DJ,dj/DJ_51.mp4,,"Dallas DJ dropping house mashups, edits and remixes you won't hear anywhere else.

🔊 New mixes every week — follow @chachamansworld.

#dj #housemusic #mashup #djedit #dallasevents #djlife #remix #clubmusic #housemashup #fyp"
2026-07-08,10:00,Instagram (auto),MUSIC,music-manager/Manager_Day31.mp4,,"EVERY SNIPPET HAS TO PASS 3 TESTS.

The music marketing system to turn casual listeners into loyal superfans and grow your music career.

💬 Follow @chachamansworld for daily music marketing tips.

If I Was Ur Music Manager — Day 31

#musicmarketing #indieartist #musicpromotiontips #musicmanager #growyourfanbase #diymusician #musicbiz #artistmarketing #musicgrowth #musicianlife"
2026-07-08,14:00,Instagram (auto),DJ,dj/DJ_52.mp4,,"Open-format DJ sets and house music mashups out of Dallas — new heat every week.

🔊 New mixes every week — follow @chachamansworld.

#djmix #djmashup #housemusic #dallasdj #djtransition #edmremix #partydj #djset #musicproducer #fyp"
2026-07-08,19:00,Instagram (auto),MUSIC,music-manager/Manager_Day32.mp4,,"ONE LINE SELLS THE WHOLE SONG.

Independent artist marketing: how to get more streams, more fans, and more bookings.

💬 Follow @chachamansworld for daily music marketing tips.

If I Was Ur Music Manager — Day 32

#musicmarketing #independentartist #musicpromotion #musiccareer #artistdevelopment #musictips #musicianlife #unsignedartist #fanbase #musicmarketing2026"
2026-07-09,10:00,Instagram (auto),MUSIC,music-manager/Manager_Day33.mp4,,"FANS DON'T PRE-SAVE TO HELP YOU.

Music marketing for independent artists — how to turn streams into real fans, not just numbers.

💬 Follow @chachamansworld for daily music marketing tips.

If I Was Ur Music Manager — Day 33

#musicmarketing #musicpromotion #independentartist #musicmanager #artistdevelopment #unsignedartist #howtopromoteyourmusic #musicmarketingtips #musicianlife #musicbusiness"
2026-07-09,14:00,Instagram (auto),MUSIC,music-manager/Manager_Day34.mp4,,"YOUR RELEASE PAGE IS A DEAD LINK.

Music promotion that actually works: the manager playbook for growing your fanbase as an unsigned artist.

💬 Follow @chachamansworld for daily music marketing tips.

If I Was Ur Music Manager — Day 34

#musicmarketing #indieartist #musicpromotiontips #musicmanager #growyourfanbase #diymusician #musicbiz #artistmarketing #musicgrowth #musicianlife"
2026-07-09,19:00,Instagram (auto),MUSIC,music-manager/Manager_Day35.mp4,,"THE SONG WON'T OPEN UP UNTIL YOU STOP HIDING.

How to promote your music in 2026 — artist development strategy from a real music manager.

💬 Follow @chachamansworld for daily music marketing tips.

If I Was Ur Music Manager — Day 35

#musicmarketing #independentartist #musicpromotion #musiccareer #artistdevelopment #musictips #musicianlife #unsignedartist #fanbase #musicmarketing2026"
